season,country,subtype,counts,source
2004,China,h1n1,409,flunet
2004,Czechia,h1n1,6,flunet
2004,United States,h1n1,17,flunet
2005,Australia,h1n1,0,flunet
2005,Canada,h1n1,0,flunet
2005,China,h1n1,5230,flunet
2005,Croatia,h1n1,1,flunet
2005,Czechia,h1n1,1,flunet
2005,Denmark,h1n1,1,flunet
2005,Finland,h1n1,8,flunet
2005,Germany,h1n1,21,flunet
2005,Greece,h1n1,0,flunet
2005,Iceland,h1n1,3,flunet
2005,Italy,h1n1,9,flunet
2005,Latvia,h1n1,7,flunet
2005,Luxembourg,h1n1,19,flunet
2005,Norway,h1n1,35,flunet
2005,Poland,h1n1,6,flunet
2005,Portugal,h1n1,67,flunet
2005,Romania,h1n1,13,flunet
2005,Slovenia,h1n1,2,flunet
2005,Spain,h1n1,104,flunet
2005,Sweden,h1n1,0,flunet
2005,United Kingdom of Great Britain and Northern Ireland,h1n1,108,flunet
2005,United States,h1n1,427,flunet
2006,Australia,h1n1,7,flunet
2006,Belgium,h1n1,0,flunet
2006,Canada,h1n1,0,flunet
2006,China,h1n1,848,flunet
2006,Croatia,h1n1,6,flunet
2006,Czechia,h1n1,0,flunet
2006,Denmark,h1n1,9,flunet
2006,Finland,h1n1,1,flunet
2006,Germany,h1n1,120,flunet
2006,Greece,h1n1,2,flunet
2006,Iceland,h1n1,15,flunet
2006,Italy,h1n1,40,flunet
2006,Latvia,h1n1,4,flunet
2006,Luxembourg,h1n1,0,flunet
2006,Norway,h1n1,30,flunet
2006,Poland,h1n1,12,flunet
2006,Portugal,h1n1,0,flunet
2006,Romania,h1n1,6,flunet
2006,Slovenia,h1n1,25,flunet
2006,Spain,h1n1,1,flunet
2006,Sweden,h1n1,1,flunet
2006,United Kingdom of Great Britain and Northern Ireland,h1n1,40,flunet
2006,United States,h1n1,4020,flunet
2007,Australia,h1n1,94,flunet
2007,Belgium,h1n1,288,flunet
2007,Canada,h1n1,73,flunet
2007,China,h1n1,1726,flunet
2007,Croatia,h1n1,75,flunet
2007,Czechia,h1n1,117,flunet
2007,Denmark,h1n1,48,flunet
2007,Estonia,h1n1,133,flunet
2007,Finland,h1n1,175,flunet
2007,Germany,h1n1,12,flunet
2007,Greece,h1n1,140,flunet
2007,Iceland,h1n1,16,flunet
2007,Italy,h1n1,44,flunet
2007,Latvia,h1n1,297,flunet
2007,Luxembourg,h1n1,59,flunet
2007,Netherlands,h1n1,0,flunet
2007,Norway,h1n1,295,flunet
2007,Poland,h1n1,24,flunet
2007,Portugal,h1n1,52,flunet
2007,Romania,h1n1,360,flunet
2007,Slovenia,h1n1,173,flunet
2007,Spain,h1n1,357,flunet
2007,Sweden,h1n1,16,flunet
2007,United Kingdom of Great Britain and Northern Ireland,h1n1,551,flunet
2007,United States,h1n1,2454,flunet
2008,Australia,h1n1,151,flunet
2008,Belgium,h1n1,319,flunet
2008,Canada,h1n1,6984,flunet
2008,China,h1n1,35651,flunet
2008,Croatia,h1n1,214,flunet
2008,Czechia,h1n1,13,flunet
2008,Denmark,h1n1,681,flunet
2008,Estonia,h1n1,71,flunet
2008,Finland,h1n1,41,flunet
2008,Germany,h1n1,738,flunet
2008,Greece,h1n1,2044,flunet
2008,Hungary,h1n1,216,flunet
2008,Ireland,h1n1,1673,flunet
2008,Italy,h1n1,2186,flunet
2008,Latvia,h1n1,44,flunet
2008,Lithuania,h1n1,29,flunet
2008,Luxembourg,h1n1,353,flunet
2008,Malta,h1n1,12,flunet
2008,Netherlands,h1n1,1630,flunet
2008,Norway,h1n1,1127,flunet
2008,Poland,h1n1,172,flunet
2008,Portugal,h1n1,43,flunet
2008,Romania,h1n1,322,flunet
2008,Slovakia,h1n1,99,flunet
2008,Slovenia,h1n1,283,flunet
2008,Spain,h1n1,576,flunet
2008,Sweden,h1n1,1608,flunet
2008,United Kingdom of Great Britain and Northern Ireland,h1n1,1246,flunet
2008,United States,h1n1,64668,flunet
2009,Australia,h1n1,4546,flunet
2009,Austria,h1n1,0,flunet
2009,Belgium,h1n1,1209,flunet
2009,Canada,h1n1,32968,flunet
2009,China,h1n1,44154,flunet
2009,Croatia,h1n1,1326,flunet
2009,Czechia,h1n1,869,flunet
2009,Denmark,h1n1,1537,flunet
2009,Estonia,h1n1,843,flunet
2009,Finland,h1n1,314,flunet
2009,Germany,h1n1,1238,flunet
2009,Greece,h1n1,6365,flunet
2009,Hungary,h1n1,1593,flunet
2009,Ireland,h1n1,2795,flunet
2009,Italy,h1n1,7413,flunet
2009,Latvia,h1n1,982,flunet
2009,Lithuania,h1n1,564,flunet
2009,Luxembourg,h1n1,846,flunet
2009,Malta,h1n1,16,flunet
2009,Netherlands,h1n1,1133,flunet
2009,Norway,h1n1,5550,flunet
2009,Poland,h1n1,1441,flunet
2009,Portugal,h1n1,1682,flunet
2009,Romania,h1n1,5429,flunet
2009,Slovakia,h1n1,660,flunet
2009,Slovenia,h1n1,1781,flunet
2009,Spain,h1n1,7852,flunet
2009,Sweden,h1n1,9906,flunet
2009,United Kingdom of Great Britain and Northern Ireland,h1n1,2196,flunet
2009,United States,h1n1,53499,flunet
2010,Australia,h1n1,690,flunet
2010,Austria,h1n1,688,flunet
2010,Belgium,h1n1,283,flunet
2010,Canada,h1n1,1006,flunet
2010,China,h1n1,10890,flunet
2010,Croatia,h1n1,1667,flunet
2010,Czechia,h1n1,224,flunet
2010,Denmark,h1n1,462,flunet
2010,Estonia,h1n1,597,flunet
2010,Finland,h1n1,265,flunet
2010,Germany,h1n1,1162,flunet
2010,Greece,h1n1,5260,flunet
2010,Hungary,h1n1,492,flunet
2010,Iceland,h1n1,23,flunet
2010,Ireland,h1n1,1366,flunet
2010,Italy,h1n1,2021,flunet
2010,Latvia,h1n1,482,flunet
2010,Lithuania,h1n1,446,flunet
2010,Luxembourg,h1n1,252,flunet
2010,Malta,h1n1,84,flunet
2010,Netherlands,h1n1,477,flunet
2010,Norway,h1n1,1038,flunet
2010,Poland,h1n1,1163,flunet
2010,Portugal,h1n1,92,flunet
2010,Romania,h1n1,436,flunet
2010,Slovakia,h1n1,289,flunet
2010,Slovenia,h1n1,478,flunet
2010,Spain,h1n1,2820,flunet
2010,Sweden,h1n1,1207,flunet
2010,United Kingdom of Great Britain and Northern Ireland,h1n1,3558,flunet
2010,United States,h1n1,10903,flunet
2011,Australia,h1n1,759,flunet
2011,Austria,h1n1,0,flunet
2011,Belgium,h1n1,53,flunet
2011,Canada,h1n1,936,flunet
2011,China,h1n1,218,flunet
2011,Croatia,h1n1,0,flunet
2011,Czechia,h1n1,9,flunet
2011,Denmark,h1n1,3,flunet
2011,Estonia,h1n1,1,flunet
2011,Finland,h1n1,10,flunet
2011,France,h1n1,0,flunet
2011,Germany,h1n1,4,flunet
2011,Greece,h1n1,1,flunet
2011,Hungary,h1n1,0,flunet
2011,Iceland,h1n1,0,flunet
2011,Ireland,h1n1,1,flunet
2011,Italy,h1n1,3,flunet
2011,Latvia,h1n1,2,flunet
2011,Lithuania,h1n1,20,flunet
2011,Luxembourg,h1n1,27,flunet
2011,Malta,h1n1,0,flunet
2011,Netherlands,h1n1,8,flunet
2011,Norway,h1n1,52,flunet
2011,Poland,h1n1,0,flunet
2011,Portugal,h1n1,1,flunet
2011,Romania,h1n1,0,flunet
2011,Slovakia,h1n1,15,flunet
2011,Slovenia,h1n1,2,flunet
2011,Spain,h1n1,7,flunet
2011,Sweden,h1n1,167,flunet
2011,United Kingdom of Great Britain and Northern Ireland,h1n1,15,flunet
2011,United States,h1n1,4167,flunet
2012,Australia,h1n1,153,flunet
2012,Austria,h1n1,988,flunet
2012,Belgium,h1n1,229,flunet
2012,Canada,h1n1,1079,flunet
2012,China,h1n1,10312,flunet
2012,Croatia,h1n1,63,flunet
2012,Czechia,h1n1,529,flunet
2012,Denmark,h1n1,137,flunet
2012,Estonia,h1n1,16,flunet
2012,Finland,h1n1,169,flunet
2012,France,h1n1,1713,flunet
2012,Germany,h1n1,638,flunet
2012,Greece,h1n1,222,flunet
2012,Hungary,h1n1,99,flunet
2012,Iceland,h1n1,102,flunet
2012,Ireland,h1n1,223,flunet
2012,Italy,h1n1,469,flunet
2012,Latvia,h1n1,189,flunet
2012,Lithuania,h1n1,360,flunet
2012,Luxembourg,h1n1,144,flunet
2012,Malta,h1n1,78,flunet
2012,Netherlands,h1n1,589,flunet
2012,Norway,h1n1,4085,flunet
2012,Poland,h1n1,995,flunet
2012,Portugal,h1n1,530,flunet
2012,Romania,h1n1,538,flunet
2012,Slovakia,h1n1,126,flunet
2012,Slovenia,h1n1,254,flunet
2012,Spain,h1n1,812,flunet
2012,Sweden,h1n1,2621,flunet
2012,United Kingdom of Great Britain and Northern Ireland,h1n1,586,flunet
2012,United States,h1n1,1860,flunet
2013,Australia,h1n1,590,flunet
2013,Austria,h1n1,234,flunet
2013,Belgium,h1n1,88,flunet
2013,Canada,h1n1,10430,flunet
2013,China,h1n1,22164,flunet
2013,Croatia,h1n1,0,flunet
2013,Czechia,h1n1,14,flunet
2013,Denmark,h1n1,559,flunet
2013,Estonia,h1n1,116,flunet
2013,Finland,h1n1,74,flunet
2013,France,h1n1,1629,flunet
2013,Germany,h1n1,117,flunet
2013,Greece,h1n1,697,flunet
2013,Hungary,h1n1,86,flunet
2013,Iceland,h1n1,120,flunet
2013,Ireland,h1n1,467,flunet
2013,Italy,h1n1,210,flunet
2013,Latvia,h1n1,82,flunet
2013,Lithuania,h1n1,5,flunet
2013,Luxembourg,h1n1,40,flunet
2013,Malta,h1n1,32,flunet
2013,Netherlands,h1n1,158,flunet
2013,Norway,h1n1,2008,flunet
2013,Poland,h1n1,45,flunet
2013,Portugal,h1n1,684,flunet
2013,Romania,h1n1,249,flunet
2013,Slovakia,h1n1,23,flunet
2013,Slovenia,h1n1,28,flunet
2013,Spain,h1n1,3617,flunet
2013,Sweden,h1n1,1871,flunet
2013,United Kingdom of Great Britain and Northern Ireland,h1n1,2030,flunet
2013,United States,h1n1,26656,flunet
2014,Australia,h1n1,1650,flunet
2014,Austria,h1n1,247,flunet
2014,Belgium,h1n1,60,flunet
2014,Canada,h1n1,108,flunet
2014,China,h1n1,728,flunet
2014,Croatia,h1n1,168,flunet
2014,Czechia,h1n1,60,flunet
2014,Denmark,h1n1,1236,flunet
2014,Estonia,h1n1,20,flunet
2014,Finland,h1n1,5,flunet
2014,France,h1n1,757,flunet
2014,Germany,h1n1,278,flunet
2014,Greece,h1n1,57,flunet
2014,Hungary,h1n1,67,flunet
2014,Iceland,h1n1,13,flunet
2014,Ireland,h1n1,166,flunet
2014,Italy,h1n1,1606,flunet
2014,Latvia,h1n1,48,flunet
2014,Lithuania,h1n1,59,flunet
2014,Luxembourg,h1n1,101,flunet
2014,Malta,h1n1,5,flunet
2014,Netherlands,h1n1,232,flunet
2014,Norway,h1n1,573,flunet
2014,Poland,h1n1,65,flunet
2014,Portugal,h1n1,69,flunet
2014,Romania,h1n1,281,flunet
2014,Slovakia,h1n1,56,flunet
2014,Slovenia,h1n1,431,flunet
2014,Spain,h1n1,278,flunet
2014,Sweden,h1n1,694,flunet
2014,United Kingdom of Great Britain and Northern Ireland,h1n1,154,flunet
2014,United States,h1n1,262,flunet
2015,Australia,h1n1,406,flunet
2015,Austria,h1n1,307,flunet
2015,Belgium,h1n1,134,flunet
2015,Canada,h1n1,11166,flunet
2015,China,h1n1,22535,flunet
2015,Croatia,h1n1,411,flunet
2015,Czechia,h1n1,250,flunet
2015,Denmark,h1n1,961,flunet
2015,Estonia,h1n1,124,flunet
2015,Finland,h1n1,140,flunet
2015,France,h1n1,1498,flunet
2015,Germany,h1n1,623,flunet
2015,Greece,h1n1,1432,flunet
2015,Hungary,h1n1,105,flunet
2015,Iceland,h1n1,192,flunet
2015,Ireland,h1n1,1344,flunet
2015,Italy,h1n1,359,flunet
2015,Latvia,h1n1,216,flunet
2015,Lithuania,h1n1,604,flunet
2015,Luxembourg,h1n1,125,flunet
2015,Malta,h1n1,322,flunet
2015,Netherlands,h1n1,2142,flunet
2015,Norway,h1n1,5751,flunet
2015,Poland,h1n1,1477,flunet
2015,Portugal,h1n1,1453,flunet
2015,Romania,h1n1,1525,flunet
2015,Slovakia,h1n1,112,flunet
2015,Slovenia,h1n1,100,flunet
2015,Spain,h1n1,5203,flunet
2015,Sweden,h1n1,2045,flunet
2015,United Kingdom of Great Britain and Northern Ireland,h1n1,3968,flunet
2015,United States,h1n1,15457,flunet
2016,Australia,h1n1,413,flunet
2016,Austria,h1n1,21,flunet
2016,Belgium,h1n1,2,flunet
2016,Canada,h1n1,196,flunet
2016,China,h1n1,12707,flunet
2016,Croatia,h1n1,36,flunet
2016,Czechia,h1n1,3,flunet
2016,Denmark,h1n1,14,flunet
2016,Estonia,h1n1,0,flunet
2016,Finland,h1n1,1,flunet
2016,France,h1n1,39,flunet
2016,Germany,h1n1,15,flunet
2016,Greece,h1n1,1,flunet
2016,Hungary,h1n1,181,flunet
2016,Iceland,h1n1,0,flunet
2016,Ireland,h1n1,10,flunet
2016,Italy,h1n1,33,flunet
2016,Latvia,h1n1,2,flunet
2016,Lithuania,h1n1,5,flunet
2016,Luxembourg,h1n1,1,flunet
2016,Malta,h1n1,2,flunet
2016,Netherlands,h1n1,14,flunet
2016,Norway,h1n1,56,flunet
2016,Poland,h1n1,0,flunet
2016,Portugal,h1n1,6,flunet
2016,Romania,h1n1,1,flunet
2016,Slovakia,h1n1,3,flunet
2016,Slovenia,h1n1,0,flunet
2016,Spain,h1n1,21,flunet
2016,Sweden,h1n1,2,flunet
2016,United Kingdom of Great Britain and Northern Ireland,h1n1,29,flunet
2016,United States,h1n1,1039,flunet
2017,Australia,h1n1,473,flunet
2017,Austria,h1n1,39,flunet
2017,Belgium,h1n1,7,flunet
2017,Canada,h1n1,183,flunet
2017,China,h1n1,6402,flunet
2017,Croatia,h1n1,9,flunet
2017,Czechia,h1n1,5,flunet
2017,Denmark,h1n1,26,flunet
2017,Estonia,h1n1,2,flunet
2017,Finland,h1n1,0,flunet
2017,France,h1n1,1178,flunet
2017,Germany,h1n1,43,flunet
2017,Greece,h1n1,6,flunet
2017,Hungary,h1n1,2,flunet
2017,Iceland,h1n1,3,flunet
2017,Ireland,h1n1,63,flunet
2017,Italy,h1n1,454,flunet
2017,Latvia,h1n1,5,flunet
2017,Lithuania,h1n1,5,flunet
2017,Luxembourg,h1n1,16,flunet
2017,Malta,h1n1,9,flunet
2017,Netherlands,h1n1,24,flunet
2017,Norway,h1n1,189,flunet
2017,Poland,h1n1,2,flunet
2017,Portugal,h1n1,69,flunet
2017,Romania,h1n1,8,flunet
2017,Slovakia,h1n1,4,flunet
2017,Slovenia,h1n1,34,flunet
2017,Spain,h1n1,294,flunet
2017,Sweden,h1n1,3,flunet
2017,United Kingdom of Great Britain and Northern Ireland,h1n1,146,flunet
2017,United States,h1n1,1270,flunet
2004,China,h3n2,4489,flunet
2004,Czechia,h3n2,1,flunet
2004,United States,h3n2,4990,flunet
2005,Australia,h3n2,0,flunet
2005,Canada,h3n2,0,flunet
2005,China,h3n2,342,flunet
2005,Croatia,h3n2,8,flunet
2005,Czechia,h3n2,4,flunet
2005,Denmark,h3n2,25,flunet
2005,Finland,h3n2,57,flunet
2005,Germany,h3n2,106,flunet
2005,Greece,h3n2,26,flunet
2005,Iceland,h3n2,28,flunet
2005,Italy,h3n2,9,flunet
2005,Latvia,h3n2,74,flunet
2005,Luxembourg,h3n2,0,flunet
2005,Norway,h3n2,41,flunet
2005,Poland,h3n2,2,flunet
2005,Portugal,h3n2,6,flunet
2005,Romania,h3n2,35,flunet
2005,Slovenia,h3n2,89,flunet
2005,Spain,h3n2,17,flunet
2005,Sweden,h3n2,2,flunet
2005,United Kingdom of Great Britain and Northern Ireland,h3n2,69,flunet
2005,United States,h3n2,4957,flunet
2006,Australia,h3n2,26,flunet
2006,Belgium,h3n2,1,flunet
2006,Canada,h3n2,1,flunet
2006,China,h3n2,6741,flunet
2006,Croatia,h3n2,65,flunet
2006,Czechia,h3n2,98,flunet
2006,Denmark,h3n2,141,flunet
2006,Finland,h3n2,105,flunet
2006,Germany,h3n2,1165,flunet
2006,Greece,h3n2,252,flunet
2006,Iceland,h3n2,36,flunet
2006,Italy,h3n2,158,flunet
2006,Latvia,h3n2,248,flunet
2006,Luxembourg,h3n2,63,flunet
2006,Norway,h3n2,252,flunet
2006,Poland,h3n2,5,flunet
2006,Portugal,h3n2,300,flunet
2006,Romania,h3n2,123,flunet
2006,Slovenia,h3n2,194,flunet
2006,Spain,h3n2,18,flunet
2006,Sweden,h3n2,38,flunet
2006,United Kingdom of Great Britain and Northern Ireland,h3n2,868,flunet
2006,United States,h3n2,2458,flunet
2007,Australia,h3n2,601,flunet
2007,Belgium,h3n2,3,flunet
2007,Canada,h3n2,84,flunet
2007,China,h3n2,2204,flunet
2007,Croatia,h3n2,0,flunet
2007,Czechia,h3n2,0,flunet
2007,Denmark,h3n2,6,flunet
2007,Estonia,h3n2,1,flunet
2007,Finland,h3n2,12,flunet
2007,Germany,h3n2,0,flunet
2007,Greece,h3n2,0,flunet
2007,Iceland,h3n2,34,flunet
2007,Italy,h3n2,13,flunet
2007,Latvia,h3n2,2,flunet
2007,Luxembourg,h3n2,2,flunet
2007,Netherlands,h3n2,1,flunet
2007,Norway,h3n2,16,flunet
2007,Poland,h3n2,0,flunet
2007,Portugal,h3n2,0,flunet
2007,Romania,h3n2,11,flunet
2007,Slovenia,h3n2,1,flunet
2007,Spain,h3n2,13,flunet
2007,Sweden,h3n2,3,flunet
2007,United Kingdom of Great Britain and Northern Ireland,h3n2,45,flunet
2007,United States,h3n2,6920,flunet
2008,Australia,h3n2,187,flunet
2008,Belgium,h3n2,376,flunet
2008,Canada,h3n2,329,flunet
2008,China,h3n2,15193,flunet
2008,Croatia,h3n2,177,flunet
2008,Czechia,h3n2,14,flunet
2008,Denmark,h3n2,510,flunet
2008,Estonia,h3n2,139,flunet
2008,Finland,h3n2,154,flunet
2008,Germany,h3n2,1252,flunet
2008,Greece,h3n2,231,flunet
2008,Hungary,h3n2,1,flunet
2008,Ireland,h3n2,24,flunet
2008,Italy,h3n2,579,flunet
2008,Latvia,h3n2,119,flunet
2008,Lithuania,h3n2,0,flunet
2008,Luxembourg,h3n2,7,flunet
2008,Malta,h3n2,0,flunet
2008,Netherlands,h3n2,423,flunet
2008,Norway,h3n2,247,flunet
2008,Poland,h3n2,15,flunet
2008,Portugal,h3n2,227,flunet
2008,Romania,h3n2,226,flunet
2008,Slovakia,h3n2,2,flunet
2008,Slovenia,h3n2,494,flunet
2008,Spain,h3n2,467,flunet
2008,Sweden,h3n2,143,flunet
2008,United Kingdom of Great Britain and Northern Ireland,h3n2,1223,flunet
2008,United States,h3n2,4386,flunet
2009,Australia,h3n2,514,flunet
2009,Austria,h3n2,0,flunet
2009,Belgium,h3n2,0,flunet
2009,Canada,h3n2,67,flunet
2009,China,h3n2,10267,flunet
2009,Croatia,h3n2,0,flunet
2009,Czechia,h3n2,0,flunet
2009,Denmark,h3n2,3,flunet
2009,Estonia,h3n2,2,flunet
2009,Finland,h3n2,0,flunet
2009,Germany,h3n2,2,flunet
2009,Greece,h3n2,0,flunet
2009,Hungary,h3n2,0,flunet
2009,Ireland,h3n2,2,flunet
2009,Italy,h3n2,1,flunet
2009,Latvia,h3n2,0,flunet
2009,Lithuania,h3n2,0,flunet
2009,Luxembourg,h3n2,0,flunet
2009,Malta,h3n2,0,flunet
2009,Netherlands,h3n2,1,flunet
2009,Norway,h3n2,8,flunet
2009,Poland,h3n2,0,flunet
2009,Portugal,h3n2,0,flunet
2009,Romania,h3n2,1,flunet
2009,Slovakia,h3n2,2,flunet
2009,Slovenia,h3n2,0,flunet
2009,Spain,h3n2,13,flunet
2009,Sweden,h3n2,5,flunet
2009,United Kingdom of Great Britain and Northern Ireland,h3n2,9,flunet
2009,United States,h3n2,238,flunet
2010,Australia,h3n2,326,flunet
2010,Austria,h3n2,13,flunet
2010,Belgium,h3n2,6,flunet
2010,Canada,h3n2,5598,flunet
2010,China,h3n2,5136,flunet
2010,Croatia,h3n2,1,flunet
2010,Czechia,h3n2,5,flunet
2010,Denmark,h3n2,13,flunet
2010,Estonia,h3n2,3,flunet
2010,Finland,h3n2,0,flunet
2010,Germany,h3n2,11,flunet
2010,Greece,h3n2,23,flunet
2010,Hungary,h3n2,1,flunet
2010,Iceland,h3n2,3,flunet
2010,Ireland,h3n2,41,flunet
2010,Italy,h3n2,48,flunet
2010,Latvia,h3n2,10,flunet
2010,Lithuania,h3n2,0,flunet
2010,Luxembourg,h3n2,0,flunet
2010,Malta,h3n2,0,flunet
2010,Netherlands,h3n2,10,flunet
2010,Norway,h3n2,81,flunet
2010,Poland,h3n2,1,flunet
2010,Portugal,h3n2,2,flunet
2010,Romania,h3n2,2,flunet
2010,Slovakia,h3n2,0,flunet
2010,Slovenia,h3n2,6,flunet
2010,Spain,h3n2,66,flunet
2010,Sweden,h3n2,152,flunet
2010,United Kingdom of Great Britain and Northern Ireland,h3n2,63,flunet
2010,United States,h3n2,17834,flunet
2011,Australia,h3n2,726,flunet
2011,Austria,h3n2,323,flunet
2011,Belgium,h3n2,197,flunet
2011,Canada,h3n2,2046,flunet
2011,China,h3n2,19319,flunet
2011,Croatia,h3n2,513,flunet
2011,Czechia,h3n2,100,flunet
2011,Denmark,h3n2,73,flunet
2011,Estonia,h3n2,146,flunet
2011,Finland,h3n2,193,flunet
2011,France,h3n2,1,flunet
2011,Germany,h3n2,515,flunet
2011,Greece,h3n2,216,flunet
2011,Hungary,h3n2,242,flunet
2011,Iceland,h3n2,124,flunet
2011,Ireland,h3n2,481,flunet
2011,Italy,h3n2,1129,flunet
2011,Latvia,h3n2,401,flunet
2011,Lithuania,h3n2,73,flunet
2011,Luxembourg,h3n2,121,flunet
2011,Malta,h3n2,0,flunet
2011,Netherlands,h3n2,380,flunet
2011,Norway,h3n2,849,flunet
2011,Poland,h3n2,4,flunet
2011,Portugal,h3n2,91,flunet
2011,Romania,h3n2,263,flunet
2011,Slovakia,h3n2,34,flunet
2011,Slovenia,h3n2,406,flunet
2011,Spain,h3n2,3969,flunet
2011,Sweden,h3n2,1290,flunet
2011,United Kingdom of Great Britain and Northern Ireland,h3n2,1290,flunet
2011,United States,h3n2,12304,flunet
2012,Australia,h3n2,3127,flunet
2012,Austria,h3n2,176,flunet
2012,Belgium,h3n2,63,flunet
2012,Canada,h3n2,6925,flunet
2012,China,h3n2,9470,flunet
2012,Croatia,h3n2,91,flunet
2012,Czechia,h3n2,220,flunet
2012,Denmark,h3n2,753,flunet
2012,Estonia,h3n2,42,flunet
2012,Finland,h3n2,53,flunet
2012,France,h3n2,1031,flunet
2012,Germany,h3n2,589,flunet
2012,Greece,h3n2,210,flunet
2012,Hungary,h3n2,79,flunet
2012,Iceland,h3n2,79,flunet
2012,Ireland,h3n2,502,flunet
2012,Italy,h3n2,73,flunet
2012,Latvia,h3n2,58,flunet
2012,Lithuania,h3n2,74,flunet
2012,Luxembourg,h3n2,38,flunet
2012,Malta,h3n2,1,flunet
2012,Netherlands,h3n2,332,flunet
2012,Norway,h3n2,442,flunet
2012,Poland,h3n2,41,flunet
2012,Portugal,h3n2,41,flunet
2012,Romania,h3n2,37,flunet
2012,Slovakia,h3n2,66,flunet
2012,Slovenia,h3n2,47,flunet
2012,Spain,h3n2,148,flunet
2012,Sweden,h3n2,639,flunet
2012,United Kingdom of Great Britain and Northern Ireland,h3n2,2471,flunet
2012,United States,h3n2,33497,flunet
2013,Australia,h3n2,1138,flunet
2013,Austria,h3n2,242,flunet
2013,Belgium,h3n2,137,flunet
2013,Canada,h3n2,721,flunet
2013,China,h3n2,28912,flunet
2013,Croatia,h3n2,589,flunet
2013,Czechia,h3n2,19,flunet
2013,Denmark,h3n2,51,flunet
2013,Estonia,h3n2,21,flunet
2013,Finland,h3n2,36,flunet
2013,France,h3n2,888,flunet
2013,Germany,h3n2,233,flunet
2013,Greece,h3n2,196,flunet
2013,Hungary,h3n2,49,flunet
2013,Iceland,h3n2,14,flunet
2013,Ireland,h3n2,963,flunet
2013,Italy,h3n2,362,flunet
2013,Latvia,h3n2,76,flunet
2013,Lithuania,h3n2,145,flunet
2013,Luxembourg,h3n2,71,flunet
2013,Malta,h3n2,9,flunet
2013,Netherlands,h3n2,231,flunet
2013,Norway,h3n2,574,flunet
2013,Poland,h3n2,25,flunet
2013,Portugal,h3n2,280,flunet
2013,Romania,h3n2,477,flunet
2013,Slovakia,h3n2,34,flunet
2013,Slovenia,h3n2,390,flunet
2013,Spain,h3n2,1925,flunet
2013,Sweden,h3n2,200,flunet
2013,United Kingdom of Great Britain and Northern Ireland,h3n2,573,flunet
2013,United States,h3n2,4204,flunet
2014,Australia,h3n2,1199,flunet
2014,Austria,h3n2,644,flunet
2014,Belgium,h3n2,304,flunet
2014,Canada,h3n2,13179,flunet
2014,China,h3n2,55077,flunet
2014,Croatia,h3n2,119,flunet
2014,Czechia,h3n2,391,flunet
2014,Denmark,h3n2,1925,flunet
2014,Estonia,h3n2,61,flunet
2014,Finland,h3n2,105,flunet
2014,France,h3n2,1807,flunet
2014,Germany,h3n2,1113,flunet
2014,Greece,h3n2,421,flunet
2014,Hungary,h3n2,579,flunet
2014,Iceland,h3n2,187,flunet
2014,Ireland,h3n2,1235,flunet
2014,Italy,h3n2,1281,flunet
2014,Latvia,h3n2,119,flunet
2014,Lithuania,h3n2,247,flunet
2014,Luxembourg,h3n2,212,flunet
2014,Malta,h3n2,37,flunet
2014,Netherlands,h3n2,2222,flunet
2014,Norway,h3n2,1405,flunet
2014,Poland,h3n2,22,flunet
2014,Portugal,h3n2,270,flunet
2014,Romania,h3n2,446,flunet
2014,Slovakia,h3n2,68,flunet
2014,Slovenia,h3n2,116,flunet
2014,Spain,h3n2,3390,flunet
2014,Sweden,h3n2,2214,flunet
2014,United Kingdom of Great Britain and Northern Ireland,h3n2,2891,flunet
2014,United States,h3n2,52990,flunet
2015,Australia,h3n2,1347,flunet
2015,Austria,h3n2,103,flunet
2015,Belgium,h3n2,0,flunet
2015,Canada,h3n2,1245,flunet
2015,China,h3n2,13973,flunet
2015,Croatia,h3n2,263,flunet
2015,Czechia,h3n2,9,flunet
2015,Denmark,h3n2,97,flunet
2015,Estonia,h3n2,1,flunet
2015,Finland,h3n2,16,flunet
2015,France,h3n2,61,flunet
2015,Germany,h3n2,46,flunet
2015,Greece,h3n2,10,flunet
2015,Hungary,h3n2,55,flunet
2015,Iceland,h3n2,24,flunet
2015,Ireland,h3n2,66,flunet
2015,Italy,h3n2,581,flunet
2015,Latvia,h3n2,1,flunet
2015,Lithuania,h3n2,2,flunet
2015,Luxembourg,h3n2,2,flunet
2015,Malta,h3n2,0,flunet
2015,Netherlands,h3n2,61,flunet
2015,Norway,h3n2,303,flunet
2015,Poland,h3n2,4,flunet
2015,Portugal,h3n2,34,flunet
2015,Romania,h3n2,129,flunet
2015,Slovakia,h3n2,3,flunet
2015,Slovenia,h3n2,387,flunet
2015,Spain,h3n2,159,flunet
2015,Sweden,h3n2,101,flunet
2015,United Kingdom of Great Britain and Northern Ireland,h3n2,207,flunet
2015,United States,h3n2,4321,flunet
2016,Australia,h3n2,3131,flunet
2016,Austria,h3n2,1012,flunet
2016,Belgium,h3n2,302,flunet
2016,Canada,h3n2,17571,flunet
2016,China,h3n2,69159,flunet
2016,Croatia,h3n2,299,flunet
2016,Czechia,h3n2,342,flunet
2016,Denmark,h3n2,1894,flunet
2016,Estonia,h3n2,94,flunet
2016,Finland,h3n2,159,flunet
2016,France,h3n2,3742,flunet
2016,Germany,h3n2,1420,flunet
2016,Greece,h3n2,704,flunet
2016,Hungary,h3n2,558,flunet
2016,Iceland,h3n2,600,flunet
2016,Ireland,h3n2,1730,flunet
2016,Italy,h3n2,2370,flunet
2016,Latvia,h3n2,335,flunet
2016,Lithuania,h3n2,717,flunet
2016,Luxembourg,h3n2,186,flunet
2016,Malta,h3n2,368,flunet
2016,Netherlands,h3n2,2899,flunet
2016,Norway,h3n2,3200,flunet
2016,Poland,h3n2,227,flunet
2016,Portugal,h3n2,1607,flunet
2016,Romania,h3n2,302,flunet
2016,Slovakia,h3n2,267,flunet
2016,Slovenia,h3n2,518,flunet
2016,Spain,h3n2,6120,flunet
2016,Sweden,h3n2,174,flunet
2016,United Kingdom of Great Britain and Northern Ireland,h3n2,4092,flunet
2016,United States,h3n2,31939,flunet
2017,Australia,h3n2,1930,flunet
2017,Austria,h3n2,24,flunet
2017,Belgium,h3n2,1,flunet
2017,Canada,h3n2,4181,flunet
2017,China,h3n2,7570,flunet
2017,Croatia,h3n2,32,flunet
2017,Czechia,h3n2,3,flunet
2017,Denmark,h3n2,58,flunet
2017,Estonia,h3n2,4,flunet
2017,Finland,h3n2,22,flunet
2017,France,h3n2,161,flunet
2017,Germany,h3n2,18,flunet
2017,Greece,h3n2,2,flunet
2017,Hungary,h3n2,0,flunet
2017,Iceland,h3n2,58,flunet
2017,Ireland,h3n2,402,flunet
2017,Italy,h3n2,39,flunet
2017,Latvia,h3n2,5,flunet
2017,Lithuania,h3n2,4,flunet
2017,Luxembourg,h3n2,0,flunet
2017,Malta,h3n2,70,flunet
2017,Netherlands,h3n2,100,flunet
2017,Norway,h3n2,508,flunet
2017,Poland,h3n2,7,flunet
2017,Portugal,h3n2,59,flunet
2017,Romania,h3n2,3,flunet
2017,Slovakia,h3n2,5,flunet
2017,Slovenia,h3n2,14,flunet
2017,Spain,h3n2,653,flunet
2017,Sweden,h3n2,13,flunet
2017,United Kingdom of Great Britain and Northern Ireland,h3n2,3244,flunet
2017,United States,h3n2,13333,flunet
2004,China,b,942,flunet
2004,Czechia,b,9,flunet
2004,United States,b,5773,flunet
2005,Australia,b,0,flunet
2005,Canada,b,1,flunet
2005,China,b,2481,flunet
2005,Croatia,b,0,flunet
2005,Czechia,b,137,flunet
2005,Denmark,b,111,flunet
2005,Finland,b,86,flunet
2005,Germany,b,515,flunet
2005,Greece,b,92,flunet
2005,Iceland,b,43,flunet
2005,Italy,b,42,flunet
2005,Latvia,b,265,flunet
2005,Luxembourg,b,29,flunet
2005,Norway,b,837,flunet
2005,Poland,b,27,flunet
2005,Portugal,b,83,flunet
2005,Romania,b,23,flunet
2005,Slovenia,b,31,flunet
2005,Spain,b,305,flunet
2005,Sweden,b,455,flunet
2005,United Kingdom of Great Britain and Northern Ireland,b,377,flunet
2005,United States,b,3163,flunet
2006,Australia,b,122,flunet
2006,Belgium,b,0,flunet
2006,Canada,b,990,flunet
2006,China,b,1933,flunet
2006,Croatia,b,0,flunet
2006,Czechia,b,2,flunet
2006,Denmark,b,0,flunet
2006,Finland,b,3,flunet
2006,Germany,b,13,flunet
2006,Greece,b,40,flunet
2006,Iceland,b,0,flunet
2006,Italy,b,13,flunet
2006,Latvia,b,1,flunet
2006,Luxembourg,b,3,flunet
2006,Norway,b,7,flunet
2006,Poland,b,0,flunet
2006,Portugal,b,2,flunet
2006,Romania,b,106,flunet
2006,Slovenia,b,1,flunet
2006,Spain,b,2,flunet
2006,Sweden,b,19,flunet
2006,United Kingdom of Great Britain and Northern Ireland,b,16,flunet
2006,United States,b,5328,flunet
2007,Australia,b,94,flunet
2007,Belgium,b,284,flunet
2007,Canada,b,5101,flunet
2007,China,b,3287,flunet
2007,Croatia,b,56,flunet
2007,Czechia,b,82,flunet
2007,Denmark,b,38,flunet
2007,Estonia,b,7,flunet
2007,Finland,b,39,flunet
2007,Germany,b,528,flunet
2007,Greece,b,71,flunet
2007,Iceland,b,33,flunet
2007,Italy,b,97,flunet
2007,Latvia,b,48,flunet
2007,Luxembourg,b,203,flunet
2007,Netherlands,b,1,flunet
2007,Norway,b,412,flunet
2007,Poland,b,22,flunet
2007,Portugal,b,65,flunet
2007,Romania,b,110,flunet
2007,Slovenia,b,17,flunet
2007,Spain,b,243,flunet
2007,Sweden,b,828,flunet
2007,United Kingdom of Great Britain and Northern Ireland,b,265,flunet
2007,United States,b,12064,flunet
2008,Australia,b,421,flunet
2008,Belgium,b,35,flunet
2008,Canada,b,3896,flunet
2008,China,b,3216,flunet
2008,Croatia,b,49,flunet
2008,Czechia,b,2,flunet
2008,Denmark,b,36,flunet
2008,Estonia,b,237,flunet
2008,Finland,b,69,flunet
2008,Germany,b,362,flunet
2008,Greece,b,279,flunet
2008,Hungary,b,1,flunet
2008,Ireland,b,6,flunet
2008,Italy,b,38,flunet
2008,Latvia,b,61,flunet
2008,Lithuania,b,0,flunet
2008,Luxembourg,b,4,flunet
2008,Malta,b,0,flunet
2008,Netherlands,b,78,flunet
2008,Norway,b,62,flunet
2008,Poland,b,39,flunet
2008,Portugal,b,6,flunet
2008,Romania,b,82,flunet
2008,Slovakia,b,6,flunet
2008,Slovenia,b,27,flunet
2008,Spain,b,107,flunet
2008,Sweden,b,152,flunet
2008,United Kingdom of Great Britain and Northern Ireland,b,129,flunet
2008,United States,b,11312,flunet
2009,Australia,b,16,flunet
2009,Austria,b,0,flunet
2009,Belgium,b,10,flunet
2009,Canada,b,32,flunet
2009,China,b,22897,flunet
2009,Croatia,b,0,flunet
2009,Czechia,b,1,flunet
2009,Denmark,b,14,flunet
2009,Estonia,b,24,flunet
2009,Finland,b,0,flunet
2009,Germany,b,3,flunet
2009,Greece,b,3,flunet
2009,Hungary,b,0,flunet
2009,Ireland,b,0,flunet
2009,Italy,b,38,flunet
2009,Latvia,b,41,flunet
2009,Lithuania,b,0,flunet
2009,Luxembourg,b,3,flunet
2009,Malta,b,0,flunet
2009,Netherlands,b,10,flunet
2009,Norway,b,88,flunet
2009,Poland,b,24,flunet
2009,Portugal,b,3,flunet
2009,Romania,b,6,flunet
2009,Slovakia,b,1,flunet
2009,Slovenia,b,11,flunet
2009,Spain,b,130,flunet
2009,Sweden,b,144,flunet
2009,United Kingdom of Great Britain and Northern Ireland,b,18,flunet
2009,United States,b,427,flunet
2010,Australia,b,493,flunet
2010,Austria,b,198,flunet
2010,Belgium,b,315,flunet
2010,Canada,b,2917,flunet
2010,China,b,5796,flunet
2010,Croatia,b,88,flunet
2010,Czechia,b,79,flunet
2010,Denmark,b,440,flunet
2010,Estonia,b,144,flunet
2010,Finland,b,169,flunet
2010,Germany,b,674,flunet
2010,Greece,b,100,flunet
2010,Hungary,b,119,flunet
2010,Iceland,b,121,flunet
2010,Ireland,b,595,flunet
2010,Italy,b,598,flunet
2010,Latvia,b,1216,flunet
2010,Lithuania,b,142,flunet
2010,Luxembourg,b,339,flunet
2010,Malta,b,20,flunet
2010,Netherlands,b,421,flunet
2010,Norway,b,3174,flunet
2010,Poland,b,309,flunet
2010,Portugal,b,61,flunet
2010,Romania,b,412,flunet
2010,Slovakia,b,76,flunet
2010,Slovenia,b,470,flunet
2010,Spain,b,1299,flunet
2010,Sweden,b,2001,flunet
2010,United Kingdom of Great Britain and Northern Ireland,b,4037,flunet
2010,United States,b,14578,flunet
2011,Australia,b,490,flunet
2011,Austria,b,90,flunet
2011,Belgium,b,96,flunet
2011,Canada,b,6350,flunet
2011,China,b,24271,flunet
2011,Croatia,b,196,flunet
2011,Czechia,b,75,flunet
2011,Denmark,b,44,flunet
2011,Estonia,b,32,flunet
2011,Finland,b,19,flunet
2011,France,b,0,flunet
2011,Germany,b,121,flunet
2011,Greece,b,251,flunet
2011,Hungary,b,261,flunet
2011,Iceland,b,0,flunet
2011,Ireland,b,45,flunet
2011,Italy,b,42,flunet
2011,Latvia,b,27,flunet
2011,Lithuania,b,0,flunet
2011,Luxembourg,b,30,flunet
2011,Malta,b,1,flunet
2011,Netherlands,b,59,flunet
2011,Norway,b,181,flunet
2011,Poland,b,11,flunet
2011,Portugal,b,10,flunet
2011,Romania,b,6,flunet
2011,Slovakia,b,39,flunet
2011,Slovenia,b,37,flunet
2011,Spain,b,470,flunet
2011,Sweden,b,169,flunet
2011,United Kingdom of Great Britain and Northern Ireland,b,416,flunet
2011,United States,b,4959,flunet
2012,Australia,b,1373,flunet
2012,Austria,b,1102,flunet
2012,Belgium,b,460,flunet
2012,Canada,b,4298,flunet
2012,China,b,1541,flunet
2012,Croatia,b,56,flunet
2012,Czechia,b,243,flunet
2012,Denmark,b,1327,flunet
2012,Estonia,b,231,flunet
2012,Finland,b,39,flunet
2012,France,b,5621,flunet
2012,Germany,b,643,flunet
2012,Greece,b,19,flunet
2012,Hungary,b,84,flunet
2012,Iceland,b,62,flunet
2012,Ireland,b,735,flunet
2012,Italy,b,938,flunet
2012,Latvia,b,1024,flunet
2012,Lithuania,b,182,flunet
2012,Luxembourg,b,186,flunet
2012,Malta,b,110,flunet
2012,Netherlands,b,813,flunet
2012,Norway,b,5115,flunet
2012,Poland,b,237,flunet
2012,Portugal,b,438,flunet
2012,Romania,b,682,flunet
2012,Slovakia,b,300,flunet
2012,Slovenia,b,937,flunet
2012,Spain,b,3491,flunet
2012,Sweden,b,3032,flunet
2012,United Kingdom of Great Britain and Northern Ireland,b,4317,flunet
2012,United States,b,21804,flunet
2013,Australia,b,392,flunet
2013,Austria,b,52,flunet
2013,Belgium,b,3,flunet
2013,Canada,b,7568,flunet
2013,China,b,22926,flunet
2013,Croatia,b,64,flunet
2013,Czechia,b,4,flunet
2013,Denmark,b,119,flunet
2013,Estonia,b,0,flunet
2013,Finland,b,6,flunet
2013,France,b,158,flunet
2013,Germany,b,32,flunet
2013,Greece,b,38,flunet
2013,Hungary,b,9,flunet
2013,Iceland,b,13,flunet
2013,Ireland,b,34,flunet
2013,Italy,b,28,flunet
2013,Latvia,b,20,flunet
2013,Lithuania,b,0,flunet
2013,Luxembourg,b,1,flunet
2013,Malta,b,5,flunet
2013,Netherlands,b,26,flunet
2013,Norway,b,481,flunet
2013,Poland,b,3,flunet
2013,Portugal,b,21,flunet
2013,Romania,b,28,flunet
2013,Slovakia,b,6,flunet
2013,Slovenia,b,11,flunet
2013,Spain,b,76,flunet
2013,Sweden,b,239,flunet
2013,United Kingdom of Great Britain and Northern Ireland,b,228,flunet
2013,United States,b,7930,flunet
2014,Australia,b,498,flunet
2014,Austria,b,660,flunet
2014,Belgium,b,66,flunet
2014,Canada,b,8614,flunet
2014,China,b,19785,flunet
2014,Croatia,b,232,flunet
2014,Czechia,b,211,flunet
2014,Denmark,b,1618,flunet
2014,Estonia,b,194,flunet
2014,Finland,b,40,flunet
2014,France,b,2879,flunet
2014,Germany,b,385,flunet
2014,Greece,b,661,flunet
2014,Hungary,b,78,flunet
2014,Iceland,b,88,flunet
2014,Ireland,b,537,flunet
2014,Italy,b,575,flunet
2014,Latvia,b,462,flunet
2014,Lithuania,b,115,flunet
2014,Luxembourg,b,151,flunet
2014,Malta,b,9,flunet
2014,Netherlands,b,554,flunet
2014,Norway,b,6829,flunet
2014,Poland,b,176,flunet
2014,Portugal,b,681,flunet
2014,Romania,b,778,flunet
2014,Slovakia,b,46,flunet
2014,Slovenia,b,1445,flunet
2014,Spain,b,2623,flunet
2014,Sweden,b,3889,flunet
2014,United Kingdom of Great Britain and Northern Ireland,b,1401,flunet
2014,United States,b,21598,flunet
2015,Australia,b,1774,flunet
2015,Austria,b,1035,flunet
2015,Belgium,b,180,flunet
2015,Canada,b,10968,flunet
2015,China,b,38398,flunet
2015,Croatia,b,361,flunet
2015,Czechia,b,144,flunet
2015,Denmark,b,2725,flunet
2015,Estonia,b,285,flunet
2015,Finland,b,24,flunet
2015,France,b,9232,flunet
2015,Germany,b,739,flunet
2015,Greece,b,131,flunet
2015,Hungary,b,293,flunet
2015,Iceland,b,96,flunet
2015,Ireland,b,816,flunet
2015,Italy,b,1377,flunet
2015,Latvia,b,455,flunet
2015,Lithuania,b,154,flunet
2015,Luxembourg,b,294,flunet
2015,Malta,b,172,flunet
2015,Netherlands,b,1117,flunet
2015,Norway,b,4627,flunet
2015,Poland,b,1041,flunet
2015,Portugal,b,287,flunet
2015,Romania,b,184,flunet
2015,Slovakia,b,153,flunet
2015,Slovenia,b,290,flunet
2015,Spain,b,2747,flunet
2015,Sweden,b,2535,flunet
2015,United Kingdom of Great Britain and Northern Ireland,b,5057,flunet
2015,United States,b,32152,flunet
2016,Australia,b,1125,flunet
2016,Austria,b,41,flunet
2016,Belgium,b,1,flunet
2016,Canada,b,4516,flunet
2016,China,b,7353,flunet
2016,Croatia,b,160,flunet
2016,Czechia,b,59,flunet
2016,Denmark,b,279,flunet
2016,Estonia,b,128,flunet
2016,Finland,b,16,flunet
2016,France,b,190,flunet
2016,Germany,b,93,flunet
2016,Greece,b,92,flunet
2016,Hungary,b,81,flunet
2016,Iceland,b,47,flunet
2016,Ireland,b,131,flunet
2016,Italy,b,140,flunet
2016,Latvia,b,1252,flunet
2016,Lithuania,b,87,flunet
2016,Luxembourg,b,4,flunet
2016,Malta,b,27,flunet
2016,Netherlands,b,126,flunet
2016,Norway,b,3629,flunet
2016,Poland,b,25,flunet
2016,Portugal,b,11,flunet
2016,Romania,b,205,flunet
2016,Slovakia,b,50,flunet
2016,Slovenia,b,1574,flunet
2016,Spain,b,157,flunet
2016,Sweden,b,849,flunet
2016,United Kingdom of Great Britain and Northern Ireland,b,2483,flunet
2016,United States,b,50492,flunet
2017,Australia,b,2770,flunet
2017,Austria,b,228,flunet
2017,Belgium,b,13,flunet
2017,Canada,b,2952,flunet
2017,China,b,20392,flunet
2017,Croatia,b,451,flunet
2017,Czechia,b,15,flunet
2017,Denmark,b,379,flunet
2017,Estonia,b,67,flunet
2017,Finland,b,47,flunet
2017,France,b,2076,flunet
2017,Germany,b,85,flunet
2017,Greece,b,12,flunet
2017,Hungary,b,16,flunet
2017,Iceland,b,33,flunet
2017,Ireland,b,619,flunet
2017,Italy,b,920,flunet
2017,Latvia,b,10,flunet
2017,Lithuania,b,16,flunet
2017,Luxembourg,b,11,flunet
2017,Malta,b,248,flunet
2017,Netherlands,b,389,flunet
2017,Norway,b,3018,flunet
2017,Poland,b,24,flunet
2017,Portugal,b,575,flunet
2017,Romania,b,13,flunet
2017,Slovakia,b,6,flunet
2017,Slovenia,b,56,flunet
2017,Spain,b,3201,flunet
2017,Sweden,b,1541,flunet
2017,United Kingdom of Great Britain and Northern Ireland,b,3670,flunet
2017,United States,b,11541,flunet
2004,China,byam,0,flunet
2004,Czechia,byam,0,flunet
2004,United States,byam,0,flunet
2005,Australia,byam,0,flunet
2005,Canada,byam,0,flunet
2005,China,byam,0,flunet
2005,Croatia,byam,0,flunet
2005,Czechia,byam,0,flunet
2005,Denmark,byam,0,flunet
2005,Finland,byam,0,flunet
2005,Germany,byam,0,flunet
2005,Greece,byam,0,flunet
2005,Iceland,byam,0,flunet
2005,Italy,byam,0,flunet
2005,Latvia,byam,0,flunet
2005,Luxembourg,byam,0,flunet
2005,Norway,byam,0,flunet
2005,Poland,byam,0,flunet
2005,Portugal,byam,0,flunet
2005,Romania,byam,0,flunet
2005,Slovenia,byam,0,flunet
2005,Spain,byam,0,flunet
2005,Sweden,byam,0,flunet
2005,United Kingdom of Great Britain and Northern Ireland,byam,0,flunet
2005,United States,byam,0,flunet
2006,Australia,byam,0,flunet
2006,Belgium,byam,0,flunet
2006,Canada,byam,0,flunet
2006,China,byam,0,flunet
2006,Croatia,byam,0,flunet
2006,Czechia,byam,0,flunet
2006,Denmark,byam,0,flunet
2006,Finland,byam,0,flunet
2006,Germany,byam,0,flunet
2006,Greece,byam,0,flunet
2006,Iceland,byam,0,flunet
2006,Italy,byam,0,flunet
2006,Latvia,byam,0,flunet
2006,Luxembourg,byam,0,flunet
2006,Norway,byam,0,flunet
2006,Poland,byam,0,flunet
2006,Portugal,byam,0,flunet
2006,Romania,byam,0,flunet
2006,Slovenia,byam,0,flunet
2006,Spain,byam,0,flunet
2006,Sweden,byam,0,flunet
2006,United Kingdom of Great Britain and Northern Ireland,byam,7,flunet
2006,United States,byam,0,flunet
2007,Australia,byam,0,flunet
2007,Belgium,byam,0,flunet
2007,Canada,byam,0,flunet
2007,China,byam,236,flunet
2007,Croatia,byam,0,flunet
2007,Czechia,byam,0,flunet
2007,Denmark,byam,0,flunet
2007,Estonia,byam,0,flunet
2007,Finland,byam,0,flunet
2007,Germany,byam,5,flunet
2007,Greece,byam,0,flunet
2007,Iceland,byam,0,flunet
2007,Italy,byam,0,flunet
2007,Latvia,byam,12,flunet
2007,Luxembourg,byam,93,flunet
2007,Netherlands,byam,1,flunet
2007,Norway,byam,0,flunet
2007,Poland,byam,0,flunet
2007,Portugal,byam,0,flunet
2007,Romania,byam,0,flunet
2007,Slovenia,byam,0,flunet
2007,Spain,byam,0,flunet
2007,Sweden,byam,0,flunet
2007,United Kingdom of Great Britain and Northern Ireland,byam,194,flunet
2007,United States,byam,0,flunet
2008,Australia,byam,0,flunet
2008,Belgium,byam,0,flunet
2008,Canada,byam,0,flunet
2008,China,byam,348,flunet
2008,Croatia,byam,0,flunet
2008,Czechia,byam,0,flunet
2008,Denmark,byam,3,flunet
2008,Estonia,byam,0,flunet
2008,Finland,byam,0,flunet
2008,Germany,byam,2,flunet
2008,Greece,byam,0,flunet
2008,Hungary,byam,0,flunet
2008,Ireland,byam,0,flunet
2008,Italy,byam,0,flunet
2008,Latvia,byam,8,flunet
2008,Lithuania,byam,0,flunet
2008,Luxembourg,byam,0,flunet
2008,Malta,byam,0,flunet
2008,Netherlands,byam,0,flunet
2008,Norway,byam,0,flunet
2008,Poland,byam,0,flunet
2008,Portugal,byam,0,flunet
2008,Romania,byam,1,flunet
2008,Slovakia,byam,0,flunet
2008,Slovenia,byam,0,flunet
2008,Spain,byam,0,flunet
2008,Sweden,byam,1,flunet
2008,United Kingdom of Great Britain and Northern Ireland,byam,16,flunet
2008,United States,byam,0,flunet
2009,Australia,byam,0,flunet
2009,Austria,byam,0,flunet
2009,Belgium,byam,0,flunet
2009,Canada,byam,0,flunet
2009,China,byam,1171,flunet
2009,Croatia,byam,0,flunet
2009,Czechia,byam,0,flunet
2009,Denmark,byam,0,flunet
2009,Estonia,byam,0,flunet
2009,Finland,byam,0,flunet
2009,Germany,byam,0,flunet
2009,Greece,byam,0,flunet
2009,Hungary,byam,0,flunet
2009,Ireland,byam,0,flunet
2009,Italy,byam,0,flunet
2009,Latvia,byam,10,flunet
2009,Lithuania,byam,0,flunet
2009,Luxembourg,byam,0,flunet
2009,Malta,byam,0,flunet
2009,Netherlands,byam,0,flunet
2009,Norway,byam,1,flunet
2009,Poland,byam,0,flunet
2009,Portugal,byam,0,flunet
2009,Romania,byam,0,flunet
2009,Slovakia,byam,0,flunet
2009,Slovenia,byam,0,flunet
2009,Spain,byam,0,flunet
2009,Sweden,byam,0,flunet
2009,United Kingdom of Great Britain and Northern Ireland,byam,0,flunet
2009,United States,byam,0,flunet
2010,Australia,byam,0,flunet
2010,Austria,byam,0,flunet
2010,Belgium,byam,2,flunet
2010,Canada,byam,0,flunet
2010,China,byam,663,flunet
2010,Croatia,byam,0,flunet
2010,Czechia,byam,0,flunet
2010,Denmark,byam,87,flunet
2010,Estonia,byam,0,flunet
2010,Finland,byam,0,flunet
2010,Germany,byam,93,flunet
2010,Greece,byam,6,flunet
2010,Hungary,byam,0,flunet
2010,Iceland,byam,0,flunet
2010,Ireland,byam,0,flunet
2010,Italy,byam,19,flunet
2010,Latvia,byam,0,flunet
2010,Lithuania,byam,0,flunet
2010,Luxembourg,byam,0,flunet
2010,Malta,byam,0,flunet
2010,Netherlands,byam,14,flunet
2010,Norway,byam,20,flunet
2010,Poland,byam,0,flunet
2010,Portugal,byam,0,flunet
2010,Romania,byam,0,flunet
2010,Slovakia,byam,0,flunet
2010,Slovenia,byam,5,flunet
2010,Spain,byam,0,flunet
2010,Sweden,byam,20,flunet
2010,United Kingdom of Great Britain and Northern Ireland,byam,0,flunet
2010,United States,byam,0,flunet
2011,Australia,byam,0,flunet
2011,Austria,byam,0,flunet
2011,Belgium,byam,15,flunet
2011,Canada,byam,0,flunet
2011,China,byam,3812,flunet
2011,Croatia,byam,0,flunet
2011,Czechia,byam,1,flunet
2011,Denmark,byam,14,flunet
2011,Estonia,byam,0,flunet
2011,Finland,byam,0,flunet
2011,France,byam,0,flunet
2011,Germany,byam,23,flunet
2011,Greece,byam,5,flunet
2011,Hungary,byam,0,flunet
2011,Iceland,byam,0,flunet
2011,Ireland,byam,0,flunet
2011,Italy,byam,0,flunet
2011,Latvia,byam,6,flunet
2011,Lithuania,byam,0,flunet
2011,Luxembourg,byam,0,flunet
2011,Malta,byam,0,flunet
2011,Netherlands,byam,28,flunet
2011,Norway,byam,26,flunet
2011,Poland,byam,0,flunet
2011,Portugal,byam,2,flunet
2011,Romania,byam,0,flunet
2011,Slovakia,byam,17,flunet
2011,Slovenia,byam,8,flunet
2011,Spain,byam,3,flunet
2011,Sweden,byam,19,flunet
2011,United Kingdom of Great Britain and Northern Ireland,byam,0,flunet
2011,United States,byam,0,flunet
2012,Australia,byam,105,flunet
2012,Austria,byam,0,flunet
2012,Belgium,byam,310,flunet
2012,Canada,byam,0,flunet
2012,China,byam,393,flunet
2012,Croatia,byam,0,flunet
2012,Czechia,byam,0,flunet
2012,Denmark,byam,464,flunet
2012,Estonia,byam,0,flunet
2012,Finland,byam,2,flunet
2012,France,byam,1005,flunet
2012,Germany,byam,579,flunet
2012,Greece,byam,0,flunet
2012,Hungary,byam,0,flunet
2012,Iceland,byam,0,flunet
2012,Ireland,byam,0,flunet
2012,Italy,byam,0,flunet
2012,Latvia,byam,74,flunet
2012,Lithuania,byam,0,flunet
2012,Luxembourg,byam,0,flunet
2012,Malta,byam,0,flunet
2012,Netherlands,byam,384,flunet
2012,Norway,byam,879,flunet
2012,Poland,byam,0,flunet
2012,Portugal,byam,272,flunet
2012,Romania,byam,16,flunet
2012,Slovakia,byam,221,flunet
2012,Slovenia,byam,247,flunet
2012,Spain,byam,6,flunet
2012,Sweden,byam,188,flunet
2012,United Kingdom of Great Britain and Northern Ireland,byam,454,flunet
2012,United States,byam,0,flunet
2013,Australia,byam,0,flunet
2013,Austria,byam,0,flunet
2013,Belgium,byam,1,flunet
2013,Canada,byam,0,flunet
2013,China,byam,8180,flunet
2013,Croatia,byam,0,flunet
2013,Czechia,byam,1,flunet
2013,Denmark,byam,8,flunet
2013,Estonia,byam,0,flunet
2013,Finland,byam,6,flunet
2013,France,byam,0,flunet
2013,Germany,byam,26,flunet
2013,Greece,byam,0,flunet
2013,Hungary,byam,7,flunet
2013,Iceland,byam,0,flunet
2013,Ireland,byam,0,flunet
2013,Italy,byam,2,flunet
2013,Latvia,byam,2,flunet
2013,Lithuania,byam,0,flunet
2013,Luxembourg,byam,0,flunet
2013,Malta,byam,0,flunet
2013,Netherlands,byam,18,flunet
2013,Norway,byam,143,flunet
2013,Poland,byam,0,flunet
2013,Portugal,byam,6,flunet
2013,Romania,byam,2,flunet
2013,Slovakia,byam,2,flunet
2013,Slovenia,byam,0,flunet
2013,Spain,byam,0,flunet
2013,Sweden,byam,26,flunet
2013,United Kingdom of Great Britain and Northern Ireland,byam,8,flunet
2013,United States,byam,0,flunet
2014,Australia,byam,0,flunet
2014,Austria,byam,0,flunet
2014,Belgium,byam,56,flunet
2014,Canada,byam,0,flunet
2014,China,byam,16482,flunet
2014,Croatia,byam,0,flunet
2014,Czechia,byam,1,flunet
2014,Denmark,byam,572,flunet
2014,Estonia,byam,19,flunet
2014,Finland,byam,36,flunet
2014,France,byam,0,flunet
2014,Germany,byam,375,flunet
2014,Greece,byam,74,flunet
2014,Hungary,byam,72,flunet
2014,Iceland,byam,0,flunet
2014,Ireland,byam,0,flunet
2014,Italy,byam,87,flunet
2014,Latvia,byam,49,flunet
2014,Lithuania,byam,39,flunet
2014,Luxembourg,byam,0,flunet
2014,Malta,byam,0,flunet
2014,Netherlands,byam,521,flunet
2014,Norway,byam,1137,flunet
2014,Poland,byam,0,flunet
2014,Portugal,byam,327,flunet
2014,Romania,byam,0,flunet
2014,Slovakia,byam,1,flunet
2014,Slovenia,byam,320,flunet
2014,Spain,byam,17,flunet
2014,Sweden,byam,126,flunet
2014,United Kingdom of Great Britain and Northern Ireland,byam,176,flunet
2014,United States,byam,0,flunet
2015,Australia,byam,0,flunet
2015,Austria,byam,0,flunet
2015,Belgium,byam,6,flunet
2015,Canada,byam,0,flunet
2015,China,byam,6191,flunet
2015,Croatia,byam,46,flunet
2015,Czechia,byam,47,flunet
2015,Denmark,byam,178,flunet
2015,Estonia,byam,0,flunet
2015,Finland,byam,0,flunet
2015,France,byam,13,flunet
2015,Germany,byam,30,flunet
2015,Greece,byam,1,flunet
2015,Hungary,byam,19,flunet
2015,Iceland,byam,0,flunet
2015,Ireland,byam,0,flunet
2015,Italy,byam,29,flunet
2015,Latvia,byam,5,flunet
2015,Lithuania,byam,0,flunet
2015,Luxembourg,byam,0,flunet
2015,Malta,byam,0,flunet
2015,Netherlands,byam,59,flunet
2015,Norway,byam,271,flunet
2015,Poland,byam,0,flunet
2015,Portugal,byam,2,flunet
2015,Romania,byam,0,flunet
2015,Slovakia,byam,3,flunet
2015,Slovenia,byam,7,flunet
2015,Spain,byam,1,flunet
2015,Sweden,byam,12,flunet
2015,United Kingdom of Great Britain and Northern Ireland,byam,28,flunet
2015,United States,byam,3835,flunet
2016,Australia,byam,0,flunet
2016,Austria,byam,0,flunet
2016,Belgium,byam,1,flunet
2016,Canada,byam,0,flunet
2016,China,byam,1778,flunet
2016,Croatia,byam,95,flunet
2016,Czechia,byam,15,flunet
2016,Denmark,byam,28,flunet
2016,Estonia,byam,23,flunet
2016,Finland,byam,13,flunet
2016,France,byam,2,flunet
2016,Germany,byam,79,flunet
2016,Greece,byam,0,flunet
2016,Hungary,byam,63,flunet
2016,Iceland,byam,0,flunet
2016,Ireland,byam,0,flunet
2016,Italy,byam,58,flunet
2016,Latvia,byam,166,flunet
2016,Lithuania,byam,22,flunet
2016,Luxembourg,byam,0,flunet
2016,Malta,byam,1,flunet
2016,Netherlands,byam,86,flunet
2016,Norway,byam,770,flunet
2016,Poland,byam,0,flunet
2016,Portugal,byam,0,flunet
2016,Romania,byam,0,flunet
2016,Slovakia,byam,18,flunet
2016,Slovenia,byam,250,flunet
2016,Spain,byam,0,flunet
2016,Sweden,byam,3,flunet
2016,United Kingdom of Great Britain and Northern Ireland,byam,356,flunet
2016,United States,byam,5874,flunet
2017,Australia,byam,0,flunet
2017,Austria,byam,0,flunet
2017,Belgium,byam,11,flunet
2017,Canada,byam,0,flunet
2017,China,byam,15887,flunet
2017,Croatia,byam,87,flunet
2017,Czechia,byam,10,flunet
2017,Denmark,byam,119,flunet
2017,Estonia,byam,9,flunet
2017,Finland,byam,40,flunet
2017,France,byam,108,flunet
2017,Germany,byam,85,flunet
2017,Greece,byam,6,flunet
2017,Hungary,byam,14,flunet
2017,Iceland,byam,0,flunet
2017,Ireland,byam,0,flunet
2017,Italy,byam,410,flunet
2017,Latvia,byam,8,flunet
2017,Lithuania,byam,12,flunet
2017,Luxembourg,byam,0,flunet
2017,Malta,byam,0,flunet
2017,Netherlands,byam,363,flunet
2017,Norway,byam,404,flunet
2017,Poland,byam,0,flunet
2017,Portugal,byam,109,flunet
2017,Romania,byam,0,flunet
2017,Slovakia,byam,4,flunet
2017,Slovenia,byam,14,flunet
2017,Spain,byam,73,flunet
2017,Sweden,byam,55,flunet
2017,United Kingdom of Great Britain and Northern Ireland,byam,128,flunet
2017,United States,byam,1522,flunet
2004,China,bvic,0,flunet
2004,Czechia,bvic,0,flunet
2004,United States,bvic,0,flunet
2005,Australia,bvic,0,flunet
2005,Canada,bvic,0,flunet
2005,China,bvic,0,flunet
2005,Croatia,bvic,0,flunet
2005,Czechia,bvic,0,flunet
2005,Denmark,bvic,0,flunet
2005,Finland,bvic,0,flunet
2005,Germany,bvic,0,flunet
2005,Greece,bvic,0,flunet
2005,Iceland,bvic,0,flunet
2005,Italy,bvic,0,flunet
2005,Latvia,bvic,0,flunet
2005,Luxembourg,bvic,0,flunet
2005,Norway,bvic,0,flunet
2005,Poland,bvic,0,flunet
2005,Portugal,bvic,0,flunet
2005,Romania,bvic,0,flunet
2005,Slovenia,bvic,0,flunet
2005,Spain,bvic,0,flunet
2005,Sweden,bvic,0,flunet
2005,United Kingdom of Great Britain and Northern Ireland,bvic,0,flunet
2005,United States,bvic,0,flunet
2006,Australia,bvic,0,flunet
2006,Belgium,bvic,0,flunet
2006,Canada,bvic,0,flunet
2006,China,bvic,0,flunet
2006,Croatia,bvic,0,flunet
2006,Czechia,bvic,0,flunet
2006,Denmark,bvic,0,flunet
2006,Finland,bvic,0,flunet
2006,Germany,bvic,0,flunet
2006,Greece,bvic,0,flunet
2006,Iceland,bvic,0,flunet
2006,Italy,bvic,0,flunet
2006,Latvia,bvic,0,flunet
2006,Luxembourg,bvic,0,flunet
2006,Norway,bvic,0,flunet
2006,Poland,bvic,0,flunet
2006,Portugal,bvic,0,flunet
2006,Romania,bvic,0,flunet
2006,Slovenia,bvic,0,flunet
2006,Spain,bvic,0,flunet
2006,Sweden,bvic,0,flunet
2006,United Kingdom of Great Britain and Northern Ireland,bvic,1,flunet
2006,United States,bvic,0,flunet
2007,Australia,bvic,0,flunet
2007,Belgium,bvic,0,flunet
2007,Canada,bvic,0,flunet
2007,China,bvic,34,flunet
2007,Croatia,bvic,0,flunet
2007,Czechia,bvic,0,flunet
2007,Denmark,bvic,0,flunet
2007,Estonia,bvic,0,flunet
2007,Finland,bvic,0,flunet
2007,Germany,bvic,0,flunet
2007,Greece,bvic,0,flunet
2007,Iceland,bvic,0,flunet
2007,Italy,bvic,0,flunet
2007,Latvia,bvic,0,flunet
2007,Luxembourg,bvic,0,flunet
2007,Netherlands,bvic,0,flunet
2007,Norway,bvic,0,flunet
2007,Poland,bvic,0,flunet
2007,Portugal,bvic,0,flunet
2007,Romania,bvic,0,flunet
2007,Slovenia,bvic,0,flunet
2007,Spain,bvic,0,flunet
2007,Sweden,bvic,0,flunet
2007,United Kingdom of Great Britain and Northern Ireland,bvic,0,flunet
2007,United States,bvic,0,flunet
2008,Australia,bvic,0,flunet
2008,Belgium,bvic,0,flunet
2008,Canada,bvic,0,flunet
2008,China,bvic,1703,flunet
2008,Croatia,bvic,0,flunet
2008,Czechia,bvic,0,flunet
2008,Denmark,bvic,18,flunet
2008,Estonia,bvic,0,flunet
2008,Finland,bvic,36,flunet
2008,Germany,bvic,357,flunet
2008,Greece,bvic,187,flunet
2008,Hungary,bvic,0,flunet
2008,Ireland,bvic,0,flunet
2008,Italy,bvic,0,flunet
2008,Latvia,bvic,23,flunet
2008,Lithuania,bvic,0,flunet
2008,Luxembourg,bvic,0,flunet
2008,Malta,bvic,0,flunet
2008,Netherlands,bvic,0,flunet
2008,Norway,bvic,1,flunet
2008,Poland,bvic,5,flunet
2008,Portugal,bvic,0,flunet
2008,Romania,bvic,20,flunet
2008,Slovakia,bvic,0,flunet
2008,Slovenia,bvic,0,flunet
2008,Spain,bvic,0,flunet
2008,Sweden,bvic,0,flunet
2008,United Kingdom of Great Britain and Northern Ireland,bvic,99,flunet
2008,United States,bvic,0,flunet
2009,Australia,bvic,0,flunet
2009,Austria,bvic,0,flunet
2009,Belgium,bvic,0,flunet
2009,Canada,bvic,0,flunet
2009,China,bvic,2583,flunet
2009,Croatia,bvic,0,flunet
2009,Czechia,bvic,0,flunet
2009,Denmark,bvic,0,flunet
2009,Estonia,bvic,0,flunet
2009,Finland,bvic,0,flunet
2009,Germany,bvic,3,flunet
2009,Greece,bvic,1,flunet
2009,Hungary,bvic,0,flunet
2009,Ireland,bvic,0,flunet
2009,Italy,bvic,0,flunet
2009,Latvia,bvic,0,flunet
2009,Lithuania,bvic,0,flunet
2009,Luxembourg,bvic,0,flunet
2009,Malta,bvic,0,flunet
2009,Netherlands,bvic,1,flunet
2009,Norway,bvic,58,flunet
2009,Poland,bvic,0,flunet
2009,Portugal,bvic,0,flunet
2009,Romania,bvic,6,flunet
2009,Slovakia,bvic,0,flunet
2009,Slovenia,bvic,10,flunet
2009,Spain,bvic,0,flunet
2009,Sweden,bvic,0,flunet
2009,United Kingdom of Great Britain and Northern Ireland,bvic,0,flunet
2009,United States,bvic,0,flunet
2010,Australia,bvic,0,flunet
2010,Austria,bvic,0,flunet
2010,Belgium,bvic,2,flunet
2010,Canada,bvic,0,flunet
2010,China,bvic,902,flunet
2010,Croatia,bvic,0,flunet
2010,Czechia,bvic,0,flunet
2010,Denmark,bvic,353,flunet
2010,Estonia,bvic,0,flunet
2010,Finland,bvic,0,flunet
2010,Germany,bvic,581,flunet
2010,Greece,bvic,0,flunet
2010,Hungary,bvic,0,flunet
2010,Iceland,bvic,0,flunet
2010,Ireland,bvic,0,flunet
2010,Italy,bvic,4,flunet
2010,Latvia,bvic,1,flunet
2010,Lithuania,bvic,0,flunet
2010,Luxembourg,bvic,0,flunet
2010,Malta,bvic,0,flunet
2010,Netherlands,bvic,115,flunet
2010,Norway,bvic,496,flunet
2010,Poland,bvic,6,flunet
2010,Portugal,bvic,6,flunet
2010,Romania,bvic,0,flunet
2010,Slovakia,bvic,28,flunet
2010,Slovenia,bvic,300,flunet
2010,Spain,bvic,0,flunet
2010,Sweden,bvic,244,flunet
2010,United Kingdom of Great Britain and Northern Ireland,bvic,2,flunet
2010,United States,bvic,0,flunet
2011,Australia,bvic,0,flunet
2011,Austria,bvic,0,flunet
2011,Belgium,bvic,0,flunet
2011,Canada,bvic,0,flunet
2011,China,bvic,9040,flunet
2011,Croatia,bvic,0,flunet
2011,Czechia,bvic,7,flunet
2011,Denmark,bvic,8,flunet
2011,Estonia,bvic,0,flunet
2011,Finland,bvic,0,flunet
2011,France,bvic,0,flunet
2011,Germany,bvic,98,flunet
2011,Greece,bvic,7,flunet
2011,Hungary,bvic,0,flunet
2011,Iceland,bvic,0,flunet
2011,Ireland,bvic,0,flunet
2011,Italy,bvic,0,flunet
2011,Latvia,bvic,5,flunet
2011,Lithuania,bvic,0,flunet
2011,Luxembourg,bvic,0,flunet
2011,Malta,bvic,0,flunet
2011,Netherlands,bvic,3,flunet
2011,Norway,bvic,15,flunet
2011,Poland,bvic,0,flunet
2011,Portugal,bvic,0,flunet
2011,Romania,bvic,0,flunet
2011,Slovakia,bvic,13,flunet
2011,Slovenia,bvic,8,flunet
2011,Spain,bvic,0,flunet
2011,Sweden,bvic,15,flunet
2011,United Kingdom of Great Britain and Northern Ireland,bvic,0,flunet
2011,United States,bvic,0,flunet
2012,Australia,bvic,17,flunet
2012,Austria,bvic,0,flunet
2012,Belgium,bvic,14,flunet
2012,Canada,bvic,0,flunet
2012,China,bvic,195,flunet
2012,Croatia,bvic,0,flunet
2012,Czechia,bvic,0,flunet
2012,Denmark,bvic,12,flunet
2012,Estonia,bvic,0,flunet
2012,Finland,bvic,5,flunet
2012,France,bvic,90,flunet
2012,Germany,bvic,64,flunet
2012,Greece,bvic,0,flunet
2012,Hungary,bvic,0,flunet
2012,Iceland,bvic,0,flunet
2012,Ireland,bvic,0,flunet
2012,Italy,bvic,0,flunet
2012,Latvia,bvic,5,flunet
2012,Lithuania,bvic,0,flunet
2012,Luxembourg,bvic,0,flunet
2012,Malta,bvic,0,flunet
2012,Netherlands,bvic,23,flunet
2012,Norway,bvic,40,flunet
2012,Poland,bvic,0,flunet
2012,Portugal,bvic,10,flunet
2012,Romania,bvic,0,flunet
2012,Slovakia,bvic,3,flunet
2012,Slovenia,bvic,72,flunet
2012,Spain,bvic,4,flunet
2012,Sweden,bvic,17,flunet
2012,United Kingdom of Great Britain and Northern Ireland,bvic,103,flunet
2012,United States,bvic,0,flunet
2013,Australia,bvic,0,flunet
2013,Austria,bvic,0,flunet
2013,Belgium,bvic,0,flunet
2013,Canada,bvic,0,flunet
2013,China,bvic,764,flunet
2013,Croatia,bvic,0,flunet
2013,Czechia,bvic,0,flunet
2013,Denmark,bvic,0,flunet
2013,Estonia,bvic,0,flunet
2013,Finland,bvic,0,flunet
2013,France,bvic,0,flunet
2013,Germany,bvic,6,flunet
2013,Greece,bvic,0,flunet
2013,Hungary,bvic,1,flunet
2013,Iceland,bvic,0,flunet
2013,Ireland,bvic,0,flunet
2013,Italy,bvic,0,flunet
2013,Latvia,bvic,0,flunet
2013,Lithuania,bvic,0,flunet
2013,Luxembourg,bvic,0,flunet
2013,Malta,bvic,0,flunet
2013,Netherlands,bvic,5,flunet
2013,Norway,bvic,3,flunet
2013,Poland,bvic,0,flunet
2013,Portugal,bvic,1,flunet
2013,Romania,bvic,0,flunet
2013,Slovakia,bvic,0,flunet
2013,Slovenia,bvic,0,flunet
2013,Spain,bvic,0,flunet
2013,Sweden,bvic,4,flunet
2013,United Kingdom of Great Britain and Northern Ireland,bvic,3,flunet
2013,United States,bvic,0,flunet
2014,Australia,bvic,0,flunet
2014,Austria,bvic,0,flunet
2014,Belgium,bvic,4,flunet
2014,Canada,bvic,0,flunet
2014,China,bvic,523,flunet
2014,Croatia,bvic,0,flunet
2014,Czechia,bvic,0,flunet
2014,Denmark,bvic,27,flunet
2014,Estonia,bvic,0,flunet
2014,Finland,bvic,4,flunet
2014,France,bvic,0,flunet
2014,Germany,bvic,10,flunet
2014,Greece,bvic,2,flunet
2014,Hungary,bvic,6,flunet
2014,Iceland,bvic,0,flunet
2014,Ireland,bvic,0,flunet
2014,Italy,bvic,1,flunet
2014,Latvia,bvic,1,flunet
2014,Lithuania,bvic,7,flunet
2014,Luxembourg,bvic,0,flunet
2014,Malta,bvic,0,flunet
2014,Netherlands,bvic,4,flunet
2014,Norway,bvic,9,flunet
2014,Poland,bvic,0,flunet
2014,Portugal,bvic,2,flunet
2014,Romania,bvic,0,flunet
2014,Slovakia,bvic,0,flunet
2014,Slovenia,bvic,0,flunet
2014,Spain,bvic,0,flunet
2014,Sweden,bvic,2,flunet
2014,United Kingdom of Great Britain and Northern Ireland,bvic,14,flunet
2014,United States,bvic,0,flunet
2015,Australia,bvic,0,flunet
2015,Austria,bvic,0,flunet
2015,Belgium,bvic,155,flunet
2015,Canada,bvic,0,flunet
2015,China,bvic,20527,flunet
2015,Croatia,bvic,93,flunet
2015,Czechia,bvic,62,flunet
2015,Denmark,bvic,644,flunet
2015,Estonia,bvic,14,flunet
2015,Finland,bvic,24,flunet
2015,France,bvic,1472,flunet
2015,Germany,bvic,709,flunet
2015,Greece,bvic,91,flunet
2015,Hungary,bvic,273,flunet
2015,Iceland,bvic,0,flunet
2015,Ireland,bvic,0,flunet
2015,Italy,bvic,560,flunet
2015,Latvia,bvic,127,flunet
2015,Lithuania,bvic,145,flunet
2015,Luxembourg,bvic,0,flunet
2015,Malta,bvic,5,flunet
2015,Netherlands,bvic,956,flunet
2015,Norway,bvic,705,flunet
2015,Poland,bvic,0,flunet
2015,Portugal,bvic,39,flunet
2015,Romania,bvic,6,flunet
2015,Slovakia,bvic,95,flunet
2015,Slovenia,bvic,76,flunet
2015,Spain,bvic,0,flunet
2015,Sweden,bvic,114,flunet
2015,United Kingdom of Great Britain and Northern Ireland,bvic,381,flunet
2015,United States,bvic,1767,flunet
2016,Australia,bvic,0,flunet
2016,Austria,bvic,0,flunet
2016,Belgium,bvic,0,flunet
2016,Canada,bvic,0,flunet
2016,China,bvic,4338,flunet
2016,Croatia,bvic,39,flunet
2016,Czechia,bvic,27,flunet
2016,Denmark,bvic,2,flunet
2016,Estonia,bvic,0,flunet
2016,Finland,bvic,3,flunet
2016,France,bvic,2,flunet
2016,Germany,bvic,14,flunet
2016,Greece,bvic,36,flunet
2016,Hungary,bvic,7,flunet
2016,Iceland,bvic,0,flunet
2016,Ireland,bvic,0,flunet
2016,Italy,bvic,4,flunet
2016,Latvia,bvic,31,flunet
2016,Lithuania,bvic,49,flunet
2016,Luxembourg,bvic,0,flunet
2016,Malta,bvic,0,flunet
2016,Netherlands,bvic,10,flunet
2016,Norway,bvic,198,flunet
2016,Poland,bvic,0,flunet
2016,Portugal,bvic,1,flunet
2016,Romania,bvic,0,flunet
2016,Slovakia,bvic,7,flunet
2016,Slovenia,bvic,2,flunet
2016,Spain,bvic,0,flunet
2016,Sweden,bvic,1,flunet
2016,United Kingdom of Great Britain and Northern Ireland,bvic,10,flunet
2016,United States,bvic,2244,flunet
2017,Australia,bvic,0,flunet
2017,Austria,bvic,0,flunet
2017,Belgium,bvic,0,flunet
2017,Canada,bvic,0,flunet
2017,China,bvic,2917,flunet
2017,Croatia,bvic,0,flunet
2017,Czechia,bvic,0,flunet
2017,Denmark,bvic,0,flunet
2017,Estonia,bvic,0,flunet
2017,Finland,bvic,7,flunet
2017,France,bvic,3,flunet
2017,Germany,bvic,0,flunet
2017,Greece,bvic,0,flunet
2017,Hungary,bvic,0,flunet
2017,Iceland,bvic,0,flunet
2017,Ireland,bvic,0,flunet
2017,Italy,bvic,1,flunet
2017,Latvia,bvic,1,flunet
2017,Lithuania,bvic,3,flunet
2017,Luxembourg,bvic,0,flunet
2017,Malta,bvic,0,flunet
2017,Netherlands,bvic,4,flunet
2017,Norway,bvic,7,flunet
2017,Poland,bvic,0,flunet
2017,Portugal,bvic,25,flunet
2017,Romania,bvic,0,flunet
2017,Slovakia,bvic,0,flunet
2017,Slovenia,bvic,7,flunet
2017,Spain,bvic,48,flunet
2017,Sweden,bvic,0,flunet
2017,United Kingdom of Great Britain and Northern Ireland,bvic,3,flunet
2017,United States,bvic,188,flunet
